{
  "norm_stats": {
    "action": {
      "mean": [
        0.24674635140405732,
        -0.10398937072026959,
        0.24044399367931027,
        -0.06550031253950923,
        -0.096082625472533,
        0.04208707109171399,
        0.06723310788073339,
        0.02147370897105801,
        0.26277333993735114,
        0.10291977097575546,
        0.2376323635091,
        0.030830395828077006,
        -0.22057234496696976,
        -0.020851413115026803,
        0.033176106666036556,
        0.018242885581441187
      ],
      "std": [
        2.375883352767017,
        0.08969250597902495,
        0.057601629892307354,
        0.17049086104930297,
        0.8849371847955859,
        0.13219356581600344,
        0.3879821287783685,
        1.2873880407695668,
        0.5860755157586636,
        0.07979604748914604,
        0.062314505972621725,
        0.24843260549841625,
        0.8553744731918727,
        0.1369911046636892,
        0.36974461473619424,
        0.5760172810363331
      ],
      "q01": [
        -0.1404300034046173,
        -16.7772159576416,
        0.0,
        -0.998612105846405,
        -0.9999411702156067,
        -0.7024983167648315,
        -0.7018278241157532,
        -0.000699999975040555,
        -0.06374900043010712,
        -0.21672800183296204,
        0.0677269995212555,
        -0.9518482089042664,
        -0.9999881982803345,
        -0.7131915092468262,
        -0.7020395994186401,
        -0.0019000000320374966
      ],
      "q99": [
        1895.825439453125,
        0.29412001371383667,
        0.5322660207748413,
        0.9996439218521118,
        0.9999768137931824,
        0.9825365543365479,
        0.9935266971588135,
        1895.825439453125,
        1895.825439453125,
        0.466389000415802,
        0.5985400080680847,
        0.8998069763183594,
        0.9999587535858154,
        0.7114571928977966,
        0.961527407169342,
        1895.825439453125
      ],
      "q02": [
        -0.1404300034046173,
        -16.7772159576416,
        0.0,
        -0.998612105846405,
        -0.9999411702156067,
        -0.7024983167648315,
        -0.7018278241157532,
        -0.000699999975040555,
        -0.06374900043010712,
        -0.21672800183296204,
        0.0677269995212555,
        -0.9518482089042664,
        -0.9999881982803345,
        -0.7131915092468262,
        -0.7020395994186401,
        -0.0019000000320374966
      ],
      "q98": [
        1895.825439453125,
        0.29412001371383667,
        0.5322660207748413,
        0.9996439218521118,
        0.9999768137931824,
        0.9825365543365479,
        0.9935266971588135,
        1895.825439453125,
        1895.825439453125,
        0.466389000415802,
        0.5985400080680847,
        0.8998069763183594,
        0.9999587535858154,
        0.7114571928977966,
        0.961527407169342,
        1895.825439453125
      ]
    },
    "observation.state": {
      "mean": [
        0.24674635140405732,
        -0.10398937072026959,
        0.24044399367931027,
        -0.06550031253950923,
        -0.096082625472533,
        0.04208707109171399,
        0.06723310788073339,
        0.02147370897105801,
        0.26277333993735114,
        0.10291977097575546,
        0.2376323635091,
        0.030830395828077006,
        -0.22057234496696976,
        -0.020851413115026803,
        0.033176106666036556,
        0.018242885581441187
      ],
      "std": [
        2.375883352767017,
        0.08969250597902495,
        0.057601629892307354,
        0.17049086104930297,
        0.8849371847955859,
        0.13219356581600344,
        0.3879821287783685,
        1.2873880407695668,
        0.5860755157586636,
        0.07979604748914604,
        0.062314505972621725,
        0.24843260549841625,
        0.8553744731918727,
        0.1369911046636892,
        0.36974461473619424,
        0.5760172810363331
      ],
      "q01": [
        -0.1404300034046173,
        -16.7772159576416,
        0.0,
        -0.998612105846405,
        -0.9999411702156067,
        -0.7024983167648315,
        -0.7018278241157532,
        -0.000699999975040555,
        -0.06374900043010712,
        -0.21672800183296204,
        0.0677269995212555,
        -0.9518482089042664,
        -0.9999881982803345,
        -0.7131915092468262,
        -0.7020395994186401,
        -0.0019000000320374966
      ],
      "q99": [
        1895.825439453125,
        0.29412001371383667,
        0.5322660207748413,
        0.9996439218521118,
        0.9999768137931824,
        0.9825365543365479,
        0.9935266971588135,
        1895.825439453125,
        1895.825439453125,
        0.466389000415802,
        0.5985400080680847,
        0.8998069763183594,
        0.9999587535858154,
        0.7114571928977966,
        0.961527407169342,
        1895.825439453125
      ],
      "q02": [
        -0.1404300034046173,
        -16.7772159576416,
        0.0,
        -0.998612105846405,
        -0.9999411702156067,
        -0.7024983167648315,
        -0.7018278241157532,
        -0.000699999975040555,
        -0.06374900043010712,
        -0.21672800183296204,
        0.0677269995212555,
        -0.9518482089042664,
        -0.9999881982803345,
        -0.7131915092468262,
        -0.7020395994186401,
        -0.0019000000320374966
      ],
      "q98": [
        1895.825439453125,
        0.29412001371383667,
        0.5322660207748413,
        0.9996439218521118,
        0.9999768137931824,
        0.9825365543365479,
        0.9935266971588135,
        1895.825439453125,
        1895.825439453125,
        0.466389000415802,
        0.5985400080680847,
        0.8998069763183594,
        0.9999587535858154,
        0.7114571928977966,
        0.961527407169342,
        1895.825439453125
      ]
    }
  },
  "count": 10844760
}
