{
  "norm_stats": {
    "observation.state": {
      "mean": [
        -0.4634461858465595,
        0.3095509864997664,
        0.1464333661541614,
        0.6776942330178403,
        -0.4777459334138649,
        0.13420708895018296,
        0.3333547134228669,
        0.379122783748481,
        0.4536823954446413,
        0.030505590003027525,
        -0.7472447222922632,
        -0.46685102720726124,
        -0.29830580238050336,
        0.23048529617914093
      ],
      "std": [
        0.5126777470112985,
        1.9633354045875528,
        1.1688869563045965,
        1.2517726527917892,
        1.2211653316812354,
        1.2199392788234895,
        0.2966350731105524,
        0.657267432441612,
        1.8728752045071437,
        1.02897656610032,
        1.2554779565389331,
        1.2664819394187032,
        1.1779906986313542,
        0.2681702821047952
      ],
      "q01": [
        -2.5007057342529295,
        -2.770882484436035,
        -1.7655893478393556,
        -1.952812417602539,
        -2.1352747802734378,
        -2.3662456771850584,
        0.0,
        -0.8344063354492186,
        -2.7746523925781252,
        -1.6449365859985352,
        -2.8060682937622072,
        -2.1425644607543948,
        -2.6753781448364258,
        0.0
      ],
      "q99": [
        0.7326188156127929,
        2.6753781448364258,
        2.5002681983947754,
        2.7181037704467776,
        2.174007446289062,
        2.622599430847168,
        1.0,
        2.9267053543090817,
        2.6288826110839842,
        2.1953431747436527,
        1.9012903396606449,
        2.25566170501709,
        2.3335731399536135,
        1.0
      ],
      "q02": [
        -1.5858746917724609,
        -2.6640684204101563,
        -1.5873746459960938,
        -1.805786000061035,
        -2.0287669525146486,
        -2.224245803833008,
        0.0,
        -0.6484242004394529,
        -2.6653250564575197,
        -1.4778039916992187,
        -2.605006526184082,
        -2.015644219970703,
        -2.4114845748901366,
        0.0
      ],
      "q98": [
        0.469981881713867,
        2.568564080810547,
        2.322053496551513,
        2.527095091247559,
        2.0344454650878907,
        2.3524226806640627,
        0.9648,
        2.7181037704467776,
        2.506988914489746,
        1.9792017745971684,
        1.7605471023559573,
        2.1048653793334964,
        2.119945011901856,
        0.9314
      ]
    },
    "action": {
      "mean": [
        -0.46346319712951256,
        0.30953561181821754,
        0.1462307247452385,
        0.678204488365681,
        -0.4778689667626184,
        0.13415596038917063,
        0.3333935061614016,
        0.3790832572593691,
        0.45380572157145616,
        0.030299537634053235,
        -0.7476758375191359,
        -0.46705700474410233,
        -0.2981990449669827,
        0.23050790396466853
      ],
      "std": [
        0.5129870746053121,
        1.9639103415044397,
        1.1688320540774075,
        1.2522476531721496,
        1.2216551551744126,
        1.2206525646094053,
        0.2966433257754187,
        0.6575495814337529,
        1.8736087565451116,
        1.0291592848959037,
        1.2560249773794292,
        1.2670846273631162,
        1.178624048389915,
        0.2682120069481755
      ],
      "q01": [
        -2.5007057342529295,
        -2.770882484436035,
        -1.7656692929267885,
        -1.9540690536499024,
        -2.1367214659690856,
        -2.3675023132324218,
        0.0,
        -0.8381762435913087,
        -2.775909028625488,
        -1.6449365859985352,
        -2.80732492980957,
        -2.1438210968017577,
        -2.6778914169311525,
        0.0
      ],
      "q99": [
        0.7351320877075196,
        2.6766347808837887,
        2.4998233703613275,
        2.7218736785888673,
        2.1761454510688782,
        2.6251127029418946,
        1.0,
        2.9267053543090817,
        2.631395883178711,
        2.194086538696289,
        1.9038036117553707,
        2.25566170501709,
        2.3348297760009764,
        1.0
      ],
      "q02": [
        -1.5858746917724609,
        -2.6640684204101563,
        -1.587679296398163,
        -1.805786000061035,
        -2.030366754579544,
        -2.225502439880371,
        0.0,
        -0.6496808364868163,
        -2.6665816925048826,
        -1.479060627746582,
        -2.6062631622314454,
        -2.0169008560180663,
        -2.4127412109375,
        0.0
      ],
      "q98": [
        0.4712385177612304,
        2.56982071685791,
        2.3230868245124814,
        2.529608363342285,
        2.0367841051101685,
        2.3549359527587894,
        0.9648,
        2.7181037704467776,
        2.5082455505371097,
        1.9792017745971684,
        1.7618037384033203,
        2.107378651428223,
        2.121201647949219,
        0.9316000000000001
      ]
    }
  },
  "count": 1284432
}