{
  "norm_stats": {
    "action": {
      "mean": [
        0.21734460913641077,
        -0.07183914890863491,
        0.2645035777562389,
        -0.03757465959884901,
        0.025474409219660824,
        0.03622880789656107,
        0.1793353529186413,
        0.01298978917511983,
        0.22266910053931935,
        0.10402708340584066,
        0.26267465335991036,
        0.05440136459822854,
        0.0647040333576411,
        -0.021734333935397778,
        0.18215987256891733,
        0.013127948225045242
      ],
      "std": [
        1.7711621598635041,
        0.06666552052054188,
        0.06394837199354277,
        0.27235799434057506,
        0.8322007101164773,
        0.12696233177990757,
        0.42615627588794963,
        2.4973037510742464,
        0.1466489377234838,
        0.08888314677017625,
        0.07683444282643304,
        0.2797543325240001,
        0.833467874168216,
        0.13080462117766337,
        0.41128851959498175,
        0.017885373789214974
      ],
      "q01": [
        -0.10847199708223343,
        -0.35672301054000854,
        0.13950900733470917,
        -0.8317309021949768,
        -0.9936598539352417,
        -0.6747664213180542,
        -0.7004663944244385,
        -0.0005000000237487257,
        -0.12232799828052521,
        -0.06273899972438812,
        0.15241500735282898,
        -0.8414588570594788,
        -0.9919667840003967,
        -0.6203213930130005,
        -0.7006242275238037,
        -0.00019999999494757503
      ],
      "q99": [
        1895.825439453125,
        0.1570349931716919,
        0.6077560186386108,
        0.8643735647201538,
        0.9956412315368652,
        0.6153371334075928,
        0.9701743125915527,
        1895.825439453125,
        0.5584390163421631,
        0.41481301188468933,
        0.6764529943466187,
        0.999883234500885,
        0.992145299911499,
        0.7266027927398682,
        0.9153575301170349,
        0.0763000026345253
      ],
      "q02": [
        -0.10847199708223343,
        -0.35672301054000854,
        0.13950900733470917,
        -0.8317309021949768,
        -0.9936598539352417,
        -0.6747664213180542,
        -0.7004663944244385,
        -0.0005000000237487257,
        -0.12232799828052521,
        -0.06273899972438812,
        0.15241500735282898,
        -0.8414588570594788,
        -0.9919667840003967,
        -0.6203213930130005,
        -0.7006242275238037,
        -0.00019999999494757503
      ],
      "q98": [
        1895.825439453125,
        0.1570349931716919,
        0.6077560186386108,
        0.8643735647201538,
        0.9956412315368652,
        0.6153371334075928,
        0.9701743125915527,
        1895.825439453125,
        0.5584390163421631,
        0.41481301188468933,
        0.6764529943466187,
        0.999883234500885,
        0.992145299911499,
        0.7266027927398682,
        0.9153575301170349,
        0.0763000026345253
      ]
    },
    "observation.state": {
      "mean": [
        0.21734460913641077,
        -0.07183914890863491,
        0.2645035777562389,
        -0.03757465959884901,
        0.025474409219660824,
        0.03622880789656107,
        0.1793353529186413,
        0.01298978917511983,
        0.22266910053931935,
        0.10402708340584066,
        0.26267465335991036,
        0.05440136459822854,
        0.0647040333576411,
        -0.021734333935397778,
        0.18215987256891733,
        0.013127948225045242
      ],
      "std": [
        1.7711621598635041,
        0.06666552052054188,
        0.06394837199354277,
        0.27235799434057506,
        0.8322007101164773,
        0.12696233177990757,
        0.42615627588794963,
        2.4973037510742464,
        0.1466489377234838,
        0.08888314677017625,
        0.07683444282643304,
        0.2797543325240001,
        0.833467874168216,
        0.13080462117766337,
        0.41128851959498175,
        0.017885373789214974
      ],
      "q01": [
        -0.10847199708223343,
        -0.35672301054000854,
        0.13950900733470917,
        -0.8317309021949768,
        -0.9936598539352417,
        -0.6747664213180542,
        -0.7004663944244385,
        -0.0005000000237487257,
        -0.12232799828052521,
        -0.06273899972438812,
        0.15241500735282898,
        -0.8414588570594788,
        -0.9919667840003967,
        -0.6203213930130005,
        -0.7006242275238037,
        -0.00019999999494757503
      ],
      "q99": [
        1895.825439453125,
        0.1570349931716919,
        0.6077560186386108,
        0.8643735647201538,
        0.9956412315368652,
        0.6153371334075928,
        0.9701743125915527,
        1895.825439453125,
        0.5584390163421631,
        0.41481301188468933,
        0.6764529943466187,
        0.999883234500885,
        0.992145299911499,
        0.7266027927398682,
        0.9153575301170349,
        0.0763000026345253
      ],
      "q02": [
        -0.10847199708223343,
        -0.35672301054000854,
        0.13950900733470917,
        -0.8317309021949768,
        -0.9936598539352417,
        -0.6747664213180542,
        -0.7004663944244385,
        -0.0005000000237487257,
        -0.12232799828052521,
        -0.06273899972438812,
        0.15241500735282898,
        -0.8414588570594788,
        -0.9919667840003967,
        -0.6203213930130005,
        -0.7006242275238037,
        -0.00019999999494757503
      ],
      "q98": [
        1895.825439453125,
        0.1570349931716919,
        0.6077560186386108,
        0.8643735647201538,
        0.9956412315368652,
        0.6153371334075928,
        0.9701743125915527,
        1895.825439453125,
        0.5584390163421631,
        0.41481301188468933,
        0.6764529943466187,
        0.999883234500885,
        0.992145299911499,
        0.7266027927398682,
        0.9153575301170349,
        0.0763000026345253
      ]
    }
  },
  "count": 1152659
}
