{
  "norm_stats": {
    "action": {
      "mean": [
        -0.3448998034000397,
        0.2489071488380432,
        0.16316944360733032,
        1.1199088096618652,
        -1.1408995389938354,
        -0.16540011763572693,
        0.2697831094264984,
        0.5902997255325317,
        0.09898672252893448,
        -0.01663687825202942,
        -1.2603329420089722,
        -0.6817314028739929,
        -0.13165733218193054,
        0.28858447074890137
      ],
      "std": [
        0.2146863043308258,
        2.101461410522461,
        1.2890299558639526,
        1.0522449016571045,
        1.0015060901641846,
        1.1451140642166138,
        0.2464907467365265,
        1.098117470741272,
        1.86140775680542,
        1.1142922639846802,
        0.9725564122200012,
        1.3835092782974243,
        0.9385935068130493,
        0.29496848583221436
      ],
      "q01": [
        -0.8224712610244751,
        -2.7876675128936768,
        -1.34910249710083,
        -2.031320810317993,
        -2.1479737758636475,
        -2.374300479888916,
        0.0,
        -0.5111507773399353,
        -2.5962517261505127,
        -1.3757154941558838,
        -2.4704160690307617,
        -2.126800537109375,
        -1.5831173658370972,
        0.0
      ],
      "q99": [
        0.26723361015319824,
        2.5208070278167725,
        2.1619632244110107,
        2.075847864151001,
        1.714836597442627,
        1.9087228775024414,
        0.9880346059799194,
        3.140756607055664,
        2.46347713470459,
        2.2826991081237793,
        1.905078649520874,
        2.084221124649048,
        2.1362791061401367,
        0.949363112449646
      ],
      "q02": [
        -0.8058816194534302,
        -2.749136447906494,
        -1.2991101741790771,
        -1.9168822765350342,
        -2.100703239440918,
        -2.170255661010742,
        0.0,
        -0.43366336822509766,
        -2.5011487007141113,
        -1.246086597442627,
        -2.360978603363037,
        -2.0722734928131104,
        -1.501868486404419,
        0.0
      ],
      "q98": [
        0.1928170919418335,
        2.4096176624298096,
        2.1110785007476807,
        1.996551752090454,
        1.7059178352355957,
        1.8713622093200684,
        0.8252854943275452,
        3.1249260902404785,
        2.3418893814086914,
        2.1818766593933105,
        1.780580759048462,
        2.047869920730591,
        1.905663251876831,
        0.937591016292572
      ]
    },
    "observation.state": {
      "mean": [
        -0.34536099433898926,
        0.24871176481246948,
        0.16341939568519592,
        1.1196092367172241,
        -1.1407661437988281,
        -0.16544759273529053,
        0.26990512013435364,
        0.5905114412307739,
        0.09931865334510803,
        -0.016415555030107498,
        -1.2600032091140747,
        -0.6814051270484924,
        -0.1322634071111679,
        0.2888624370098114
      ],
      "std": [
        0.2134396880865097,
        2.1014115810394287,
        1.2892370223999023,
        1.0523746013641357,
        1.0013058185577393,
        1.1445419788360596,
        0.24651308357715607,
        1.0978946685791016,
        1.8602677583694458,
        1.1134307384490967,
        0.9725301265716553,
        1.3825311660766602,
        0.9378581047058105,
        0.2950306832790375
      ],
      "q01": [
        -0.822526752948761,
        -2.7876675128936768,
        -1.348550796508789,
        -2.0295186042785645,
        -2.1479737758636475,
        -2.372710943222046,
        0.0,
        -0.5111507773399353,
        -2.5944056510925293,
        -1.3678991794586182,
        -2.4704160690307617,
        -2.1261868476867676,
        -1.5806553363800049,
        0.0
      ],
      "q99": [
        0.2616921663284302,
        2.5208070278167725,
        2.1623406410217285,
        2.075847864151001,
        1.714836597442627,
        1.907020092010498,
        0.9866418838500977,
        3.140756607055664,
        2.4546403884887695,
        2.2832753658294678,
        1.905078649520874,
        2.0844886302948,
        2.1362791061401367,
        0.9461807012557983
      ],
      "q02": [
        -0.8055342435836792,
        -2.749136447906494,
        -1.2998247146606445,
        -1.9168822765350342,
        -2.100703239440918,
        -2.16996169090271,
        0.0,
        -0.43366336822509766,
        -2.498279094696045,
        -1.2467174530029297,
        -2.364994525909424,
        -2.066695213317871,
        -1.501868486404419,
        0.0
      ],
      "q98": [
        0.18947374820709229,
        2.4074161052703857,
        2.111003875732422,
        1.996551752090454,
        1.7050256729125977,
        1.8706779479980469,
        0.8244896531105042,
        3.1249260902404785,
        2.3380870819091797,
        2.1815197467803955,
        1.780580759048462,
        2.0467159748077393,
        1.8966357707977295,
        0.937475860118866
      ]
    }
  },
  "count": 6656
}