{
  "norm_stats": {
    "observation.state": {
      "mean": [
        -0.34097583948185545,
        -0.44699129352176403,
        0.5764782055988391,
        0.9086854557295887,
        -0.9498259395142126,
        -0.3160171623208227,
        0.31971418267072077,
        0.37712101333497433,
        -0.1566038516062963,
        0.3931496153477769,
        -1.048774992517774,
        -1.1202447444640642,
        0.32229135936582626,
        0.21928571956348605
      ],
      "std": [
        0.4669061239579472,
        2.0281463266305386,
        1.2965762406230477,
        1.171343639454202,
        1.097237230303744,
        1.1725407608816585,
        0.28637871180924146,
        0.8237276378531813,
        1.9980068328625957,
        1.213290864406321,
        1.129628156145383,
        1.0501505111533866,
        1.156568623948567,
        0.2524865744236502
      ],
      "q01": [
        -1.4271619083090064,
        -3.141590118408203,
        -2.4398091752535005,
        -1.8162673296381169,
        -3.141590118408203,
        -3.0437548685762112,
        0.0,
        -1.539156025739816,
        -3.141590118408203,
        -2.4293870076074904,
        -3.141590118408203,
        -3.141590118408203,
        -2.3682896000920284,
        0.0
      ],
      "q99": [
        0.7452102293452956,
        3.141590118408203,
        3.141590118408203,
        3.141590118408203,
        1.602729558476551,
        2.411720543934566,
        0.9859306900470084,
        2.293398052409765,
        3.141590118408203,
        3.141590118408203,
        1.5791330669415777,
        1.32277066453763,
        3.012872318823681,
        0.8066573251874875
      ],
      "q02": [
        -1.2998837830997205,
        -3.141590118408203,
        -2.086363836609219,
        -1.4969602682062553,
        -3.141590118408203,
        -2.72412147308464,
        0.0,
        -1.314608725866599,
        -3.141590118408203,
        -2.0986451761529534,
        -3.141590118408203,
        -3.141590118408203,
        -2.0530101925653117,
        0.0
      ],
      "q98": [
        0.6179321041360095,
        3.141590118408203,
        3.141590118408203,
        3.141590118408203,
        1.3036238273307579,
        2.092087148442995,
        0.9078641501825333,
        2.0688507525365476,
        3.141590118408203,
        2.8849444068485073,
        1.271197603000744,
        1.036500724203297,
        2.6975929112969643,
        0.7378297468281781
      ]
    },
    "action": {
      "mean": [
        -0.34089292700119705,
        -0.4470461297494155,
        0.57633147267351,
        0.9091605318165786,
        -0.9501412053454346,
        -0.3161355242058523,
        0.31974828107146225,
        0.37703822096954787,
        -0.15659717334444787,
        0.3930160664754848,
        -1.0491424021873237,
        -1.1206804241770132,
        0.3224780925102567,
        0.21932864254006534
      ],
      "std": [
        0.4671256725528956,
        2.0287457769351236,
        1.2965964621638908,
        1.1716389450520281,
        1.0975521492323825,
        1.173017348985881,
        0.28637935388756947,
        0.8240324299961869,
        1.9987443658156947,
        1.2134216031536351,
        1.1299853082017184,
        1.0504873302957836,
        1.1570701132460126,
        0.2525315447569729
      ],
      "q01": [
        -1.427589742235446,
        -3.141590118408203,
        -2.4400029505173793,
        -1.8164792371008098,
        -3.141590118408203,
        -3.0449819401842726,
        0.0,
        -1.5399478706591352,
        -3.141590118408203,
        -2.429824700286646,
        -3.141590118408203,
        -3.141590118408203,
        -2.369269505508544,
        0.0
      ],
      "q99": [
        0.7458038882330518,
        3.141590118408203,
        3.141590118408203,
        3.141590118408203,
        1.6031469036254495,
        2.4127108917725684,
        0.9859662821453031,
        2.294024312598231,
        3.141590118408203,
        3.141590118408203,
        1.5795965171989788,
        1.3231185433205188,
        3.014225690529057,
        0.8068048648033852
      ],
      "q02": [
        -1.300251768306849,
        -3.141590118408203,
        -2.0865520995020335,
        -1.4970916756692128,
        -3.141590118408203,
        -2.725218627269712,
        0.0,
        -1.3153174847638045,
        -3.141590118408203,
        -2.0990472295851674,
        -3.141590118408203,
        -3.141590118408203,
        -2.0538533925193887,
        0.0
      ],
      "q98": [
        0.6184659143044549,
        3.141590118408203,
        3.141590118408203,
        3.141590118408203,
        1.3039553259062806,
        2.092947578858008,
        0.9078995672509417,
        2.0693939267029005,
        3.141590118408203,
        2.8850793625361373,
        1.2715636939779547,
        1.0367567864372496,
        2.698809577539902,
        0.7379650275778462
      ]
    }
  },
  "count": 2508200
}