{
  "norm_stats": {
    "action": {
      "mean": [
        -0.002678241580724716,
        0.6932728290557861,
        -0.4078989028930664,
        -2.0936248302459717,
        -0.2175000011920929,
        2.7249531745910645,
        0.7604678273200989,
        0.5037301182746887,
        -0.052915457636117935,
        0.6369057297706604,
        0.45417654514312744,
        -2.160397529602051,
        0.43377119302749634,
        2.7682480812072754,
        -0.0908198356628418,
        0.5244549512863159
      ],
      "std": [
        0.7535439729690552,
        0.7603409886360168,
        0.867717981338501,
        0.369363397359848,
        1.433318853378296,
        0.46767812967300415,
        1.700891137123108,
        0.4824434220790863,
        0.5118776559829712,
        0.5647773146629333,
        0.676145076751709,
        0.3315354287624359,
        1.1807414293289185,
        0.49931812286376953,
        1.3533421754837036,
        0.482334166765213
      ],
      "q01": [
        -2.54715633392334,
        -1.7324126958847046,
        -1.8172582387924194,
        -2.6179938316345215,
        -2.8817083835601807,
        1.696256160736084,
        -2.876455545425415,
        0.0,
        -1.4495694637298584,
        -1.6372225284576416,
        -0.8097851276397705,
        -2.6179938316345215,
        -2.5925395488739014,
        1.633224368095398,
        -2.893636703491211,
        0.0
      ],
      "q99": [
        1.3825914859771729,
        1.7364524602890015,
        1.9188867807388306,
        -1.4193156957626343,
        2.5353951454162598,
        3.740234851837158,
        2.8905224800109863,
        1.0,
        1.3104701042175293,
        1.7453497648239136,
        1.981877326965332,
        -1.5523544549942017,
        2.8892502784729004,
        3.7277328968048096,
        2.543027877807617,
        1.0
      ],
      "q02": [
        -1.816528081893921,
        -1.6015121936798096,
        -1.786321997642517,
        -2.6179938316345215,
        -2.8381712436676025,
        1.8578813076019287,
        -2.763014316558838,
        0.0,
        -1.352573275566101,
        -1.1226942539215088,
        -0.7991822957992554,
        -2.6179938316345215,
        -2.234668016433716,
        1.738826036453247,
        -2.893636703491211,
        0.0
      ],
      "q98": [
        1.3729140758514404,
        1.7308224439620972,
        1.4096287488937378,
        -1.467056393623352,
        2.455939769744873,
        3.6719236373901367,
        2.8905224800109863,
        1.0,
        1.2818686962127686,
        1.721079707145691,
        1.7430016994476318,
        -1.593174934387207,
        2.8881354331970215,
        3.6733591556549072,
        2.130878448486328,
        0.9997999668121338
      ]
    },
    "observation.state": {
      "mean": [
        -0.003690319135785103,
        0.6895123720169067,
        -0.40356311202049255,
        -2.097104787826538,
        -0.2156243920326233,
        2.727402687072754,
        0.7593061923980713,
        0.5063342452049255,
        -0.051341816782951355,
        0.6336174607276917,
        0.44944116473197937,
        -2.163529396057129,
        0.43119221925735474,
        2.769972085952759,
        -0.08171868324279785,
        0.527059018611908
      ],
      "std": [
        0.749926745891571,
        0.7577750086784363,
        0.8644083738327026,
        0.3708045184612274,
        1.4273192882537842,
        0.4658469259738922,
        1.693172574043274,
        0.4824163019657135,
        0.5095219612121582,
        0.5633121132850647,
        0.6741014122962952,
        0.33262741565704346,
        1.176596760749817,
        0.49685633182525635,
        1.3508241176605225,
        0.4821952283382416
      ],
      "q01": [
        -2.54715633392334,
        -1.7324126958847046,
        -1.8170846700668335,
        -2.6179938316345215,
        -2.8817083835601807,
        1.6960057020187378,
        -2.876455545425415,
        0.0,
        -1.4495694637298584,
        -1.635142207145691,
        -0.8097851276397705,
        -2.6179938316345215,
        -2.5925395488739014,
        1.633224368095398,
        -2.893636703491211,
        0.0
      ],
      "q99": [
        1.3825914859771729,
        1.7357486486434937,
        1.889843463897705,
        -1.4193156957626343,
        2.5353951454162598,
        3.7402517795562744,
        2.8905224800109863,
        1.0,
        1.3104701042175293,
        1.7453497648239136,
        1.9756402969360352,
        -1.5523544549942017,
        2.8892502784729004,
        3.727283477783203,
        2.543027877807617,
        1.0
      ],
      "q02": [
        -1.816528081893921,
        -1.6015121936798096,
        -1.78615403175354,
        -2.6179938316345215,
        -2.8381712436676025,
        1.8676599264144897,
        -2.763014316558838,
        0.0,
        -1.352573275566101,
        -1.1226942539215088,
        -0.7916979193687439,
        -2.6179938316345215,
        -2.234668016433716,
        1.738826036453247,
        -2.893636703491211,
        0.0
      ],
      "q98": [
        1.3729140758514404,
        1.7308224439620972,
        1.4100205898284912,
        -1.467056393623352,
        2.455939769744873,
        3.6720359325408936,
        2.8905224800109863,
        1.0,
        1.2818686962127686,
        1.721079707145691,
        1.7430016994476318,
        -1.593174934387207,
        2.8881354331970215,
        3.6733591556549072,
        2.130878448486328,
        0.9997999668121338
      ]
    }
  },
  "count": 9216
}