{
  "norm_stats": {
    "action": {
      "mean": [
        -0.682719349861145,
        -0.8374090790748596,
        0.7266407608985901,
        0.2697465717792511,
        -0.012450985610485077,
        0.3552067279815674,
        0.01013494748622179,
        0.6441513895988464,
        -0.2346976101398468,
        0.754610002040863,
        0.21568559110164642,
        -0.5209699869155884,
        0.36724042892456055,
        0.010332773439586163
      ],
      "std": [
        1.9158064126968384,
        1.7494804859161377,
        2.255624532699585,
        1.6226248741149902,
        1.9374327659606934,
        1.9118666648864746,
        0.010759458877146244,
        2.1966605186462402,
        1.7491189241409302,
        2.1660637855529785,
        1.852336049079895,
        1.7315412759780884,
        1.827273964881897,
        0.010533821769058704
      ],
      "q01": [
        -3.141590118408203,
        -3.141590118408203,
        -3.141590118408203,
        -3.141590118408203,
        -3.141590118408203,
        -3.141590118408203,
        0.0,
        -3.141590118408203,
        -3.141590118408203,
        -3.141590118408203,
        -3.141590118408203,
        -3.141590118408203,
        -3.141590118408203,
        0.0
      ],
      "q99": [
        2.955069065093994,
        3.1403331756591797,
        3.1403331756591797,
        3.1403331756591797,
        3.1403331756591797,
        3.1403331756591797,
        0.03739200159907341,
        3.1403331756591797,
        3.1403331756591797,
        3.1403331756591797,
        3.1403331756591797,
        2.7050442695617676,
        3.1403331756591797,
        0.033583998680114746
      ],
      "q02": [
        -3.141590118408203,
        -3.141590118408203,
        -3.141590118408203,
        -3.141590118408203,
        -3.141590118408203,
        -3.141590118408203,
        0.0,
        -3.141590118408203,
        -3.141590118408203,
        -3.141590118408203,
        -3.141590118408203,
        -2.499843120574951,
        -3.141590118408203,
        0.0
      ],
      "q98": [
        2.926323413848877,
        3.1403331756591797,
        3.1403331756591797,
        3.1403331756591797,
        2.8073248863220215,
        3.1403331756591797,
        0.033879999071359634,
        3.1403331756591797,
        3.1403331756591797,
        3.1403331756591797,
        3.1403331756591797,
        2.439126968383789,
        3.1403331756591797,
        0.031943999230861664
      ]
    },
    "observation.state": {
      "mean": [
        -0.6827250123023987,
        -0.8374338150024414,
        0.7267316579818726,
        0.26944905519485474,
        -0.012388285249471664,
        0.3551939129829407,
        0.010130761191248894,
        0.644038736820221,
        -0.23474940657615662,
        0.7546544075012207,
        0.21605053544044495,
        -0.5210920572280884,
        0.36658453941345215,
        0.010332475416362286
      ],
      "std": [
        1.9158135652542114,
        1.7493534088134766,
        2.2555043697357178,
        1.6229320764541626,
        1.9373871088027954,
        1.9117491245269775,
        0.010760343633592129,
        2.19663405418396,
        1.7491466999053955,
        2.165851354598999,
        1.852023959159851,
        1.7313048839569092,
        1.8273588418960571,
        0.01053170021623373
      ],
      "q01": [
        -3.141590118408203,
        -3.141590118408203,
        -3.141590118408203,
        -3.141590118408203,
        -3.141590118408203,
        -3.141590118408203,
        0.0,
        -3.141590118408203,
        -3.141590118408203,
        -3.141590118408203,
        -3.141590118408203,
        -3.141590118408203,
        -3.141590118408203,
        0.0
      ],
      "q99": [
        2.955732822418213,
        3.1403331756591797,
        3.1403331756591797,
        3.1403331756591797,
        3.1403331756591797,
        3.1403331756591797,
        0.03739200159907341,
        3.1403331756591797,
        3.1403331756591797,
        3.1403331756591797,
        3.1403331756591797,
        2.7050442695617676,
        3.1403331756591797,
        0.03359200060367584
      ],
      "q02": [
        -3.141590118408203,
        -3.141590118408203,
        -3.141590118408203,
        -3.141590118408203,
        -3.141590118408203,
        -3.141590118408203,
        0.0,
        -3.141590118408203,
        -3.141590118408203,
        -3.141590118408203,
        -3.141590118408203,
        -2.499843120574951,
        -3.141590118408203,
        0.0
      ],
      "q98": [
        2.926959991455078,
        3.1403331756591797,
        3.1403331756591797,
        3.1403331756591797,
        2.8073248863220215,
        3.1403331756591797,
        0.03388800099492073,
        3.1403331756591797,
        3.1403331756591797,
        3.1403331756591797,
        3.1403331756591797,
        2.439126968383789,
        3.1403331756591797,
        0.031943999230861664
      ]
    }
  },
  "count": 26624
}